姓名,First Name,电子邮件,E-mail Address,手机,Home Phone,别名,生日,备用邮箱,家庭地址,公司名称,备注
QQMail,QQMail,100100@qq.com,10000@qq.com,4006700700,4006700700,QQMail,1999/11/11,,,213465,
QQMail,QQMail,10000@qq.com,10000@qq.com,4006700700,4006700700,QQMail,1999/11/11,,,213465,
QQMail,QQMail,10000@qq.com,10000@qq.com,4006700700,4006700700,QQMail,1999/11/11,,,213465,
,,,,,,,,,,,
QQMail,QQMail,101000@qq.com,10000@qq.com,4006700700,4006700700,QQMail,1999/11/11,,,213465,
QQMail,QQMail,10000@qq.com,10000@qq.com,4006700700,4006700700,QQMail,1999/11/11,,,213465,
,,,,,,,,,,,
QQMail,QQMail,101000@qq.com,10000@qq.com,4006700700,4006700700,QQMail,1999/11/11,,,213465,
,,,,,,,,,,,
,,,,,,,,,,,
QQMail,QQMail,100010@qq.com,10000@qq.com,4006700700,4006700700,QQMail,1999/11/11,,,213465,
,,,,,,,,,,,
,,,,,,,,,,,
,,,,,,,,,,,
,,,,,,,,,,,
QQMail,QQMail,10000@qq.com,10000@qq.com,4006700700,4006700700,QQMail,1999/11/11,,,213465,
,,,,,,,,,,,
QQMail,QQMail,10000@qq.com,10000@qq.com,4006700700,4006700700,QQMail,1999/11/11,,,213465,
,,,,,,,,,,,
,,,,,,,,,,,
QQMail,QQMail,10000@qq.com,10000@qq.com,4006700700,4006700700,QQMail,1999/11/11,,,213465,
,,,,,,,,,,,
,,,,,,,,,,,
,,,,,,,,,,,
,,,,,,,,,,,